{
  "Revolution_1": 2.834213598883538,
  "Revolution_2": 6.227656196885155,
  "Revolution_3": 4.506586069985976,
  "Revolution_4": 2.685455165803155,
  "Revolution_5": 6.280658408058764,
  "Revolution_6": 5.1436632597405945,
  "Revolution_7": 5.8498333991474345,
  "Revolution_8": 3.091977264229956,
  "Revolution_9": 1.0833856643262638,
  "Revolution_10": 5.820620641087497,
  "Revolution_11": 3.174266459479365,
  "Revolution_12": 1.6919754762934096
}